[
  {
    "id": 1,
    "name": "Welo Guard Project 1",
    "description": "Among bar machine ok. Low road send guy military ground sell.",
    "created_at": "2025-02-06 00:14:25"
  },
  {
    "id": 2,
    "name": "Welo Guard Project 2",
    "description": "Best stuff drop. Upon change experience carry.",
    "created_at": "2025-06-13 10:45:01"
  },
  {
    "id": 3,
    "name": "Welo Guard Project 3",
    "description": "Worry commercial I hold. Suffer follow someone difficult full sound.",
    "created_at": "2025-04-15 06:10:02"
  },
  {
    "id": 4,
    "name": "Welo Guard Project 4",
    "description": "Something get important its true blue wrong.\nWhat win figure wall billion. Church hope player push.",
    "created_at": "2025-03-21 02:09:53"
  },
  {
    "id": 5,
    "name": "Welo Guard Project 5",
    "description": "Consumer reveal only college course serious. Never special region wrong in.",
    "created_at": "2025-07-15 02:19:39"
  }
]