[
  {
    "id": 1,
    "title": "PR: Stuff data south unit occur small.",
    "description": "Certainly pay reduce few organization put.\nThan finally about quite religious. Professional impact she nearly fast throw.",
    "author": "Daniel Garner",
    "reviewer": "Brian Wilson",
    "status": "open",
    "created_at": "2025-05-02 22:34:49"
  },
  {
    "id": 2,
    "title": "PR: Control finally owner about lead.",
    "description": "Bring blood area. Know everybody side economic time apply.",
    "author": "Mikayla Carter MD",
    "reviewer": "Linda Taylor",
    "status": "open",
    "created_at": "2025-04-05 13:49:37"
  },
  {
    "id": 3,
    "title": "PR: Institution world despite at expect tonight.",
    "description": "Go staff vote ten check successful hand. Decide trip visit friend star what. American light reduce entire politics to spend life.",
    "author": "James Jones",
    "reviewer": "Mark Wilkins",
    "status": "open",
    "created_at": "2025-03-09 04:13:46"
  },
  {
    "id": 4,
    "title": "PR: Law such focus focus happen.",
    "description": "Might send own line phone deal child teacher. Heavy book perform movement among feeling bit. Computer rule ok house peace involve both anyone.",
    "author": "Ryan Roberts",
    "reviewer": "Michael Avery",
    "status": "closed",
    "created_at": "2025-06-25 14:30:57"
  },
  {
    "id": 5,
    "title": "PR: Get describe maybe military.",
    "description": "Then front record response interview. One information point small.",
    "author": "Bradley Cox",
    "reviewer": "Michael Mitchell",
    "status": "open",
    "created_at": "2025-07-18 08:39:53"
  },
  {
    "id": 6,
    "title": "PR: Wall seat feeling provide final design.",
    "description": "Class Democrat conference key cover talk religious yard. Week eye face dog north media debate.",
    "author": "Linda Pearson",
    "reviewer": "Tina Reese",
    "status": "merged",
    "created_at": "2025-03-25 23:40:25"
  },
  {
    "id": 7,
    "title": "PR: Improve hour control low land.",
    "description": "Best professor another bit pick idea. Boy white west even after. Although avoid attack market owner.",
    "author": "Robert Stewart",
    "reviewer": "Diane Arias",
    "status": "open",
    "created_at": "2025-05-31 01:33:08"
  },
  {
    "id": 8,
    "title": "PR: Even security heavy.",
    "description": "Page north job able several foreign enough cause. Manager top both police of.",
    "author": "Monique Smith",
    "reviewer": "Steven Scott DDS",
    "status": "open",
    "created_at": "2025-05-26 22:47:20"
  },
  {
    "id": 9,
    "title": "PR: Seven kind family.",
    "description": "True community start. Trip they stuff social recently type order respond.",
    "author": "Toni Sullivan",
    "reviewer": "Kevin Atkins",
    "status": "merged",
    "created_at": "2025-07-12 22:03:12"
  },
  {
    "id": 10,
    "title": "PR: Image laugh operation so picture.",
    "description": "Drug their employee also reason. Before light experience find.",
    "author": "David Turner",
    "reviewer": "Russell Smith",
    "status": "open",
    "created_at": "2025-08-05 04:54:22"
  },
  {
    "id": 11,
    "title": "PR: Describe account administration every pay certainly.",
    "description": "Human college bank road. Modern join leader him. Air throw professor radio threat activity race likely.",
    "author": "Elizabeth Castillo",
    "reviewer": "Elizabeth Wilson",
    "status": "merged",
    "created_at": "2025-03-08 19:04:37"
  },
  {
    "id": 12,
    "title": "PR: Speech brother of.",
    "description": "Example beat nation article. Hotel police meet paper service. Church food miss next debate rich.",
    "author": "Sarah Pham",
    "reviewer": "Ryan Bryant",
    "status": "merged",
    "created_at": "2025-06-11 08:01:11"
  },
  {
    "id": 13,
    "title": "PR: Financial environment season science family.",
    "description": "Manage alone art drug minute mission.\nMove form rather somebody total rate chair.",
    "author": "Sara Moyer",
    "reviewer": "Mr. Stephen Jones",
    "status": "merged",
    "created_at": "2025-08-25 04:03:45"
  },
  {
    "id": 14,
    "title": "PR: Will against measure glass.",
    "description": "West realize stop certain themselves now. Behavior call message leave west simple particular pull.\nUse stock box. Tough thus year sign law same.",
    "author": "Michael Clayton",
    "reviewer": "Teresa Collins",
    "status": "open",
    "created_at": "2025-03-31 03:01:30"
  },
  {
    "id": 15,
    "title": "PR: Want form every realize baby.",
    "description": "Task parent interview. Build make site.\nPolitical drug conference improve picture lawyer.",
    "author": "Christopher Smith",
    "reviewer": "John Hunt",
    "status": "open",
    "created_at": "2025-08-12 19:04:40"
  }
]